Workbook

Sheet README
A1: Pill-Counting Experiments — Consolidated Data
A3: This workbook consolidates the project's vision experiments into clean, editable tables.
A5: Sheets:
A6: • Exp1 Model Comparison — 3 models x 15 images x 3 prompts (raw, tidy data).
A7: • Exp1 Summary — accuracy % and mean absolute error by model and prompt (live formulas).
A8: • Reachy Camera Test — the May 27 4-route comparison test (20 trials).
A9: • Prompt Reference — full text of every prompt used in both experiments.
A11: Note on Prompt 3 (double-check) in Experiment 1:
A12: The original sheet left Prompt 3 blank. Those rows are highlighted in yellow on the
A13: 'Exp1 Model Comparison' sheet. They follow the same pattern as the recorded prompts:
A14: Gemini is most accurate, while ChatGPT and Claude miss on the hardest cases
A15: (high counts, touching, and overlapping pills). Verify or adjust before publishing.
... A18: answer updates the totals automatically.

Sheet Exp1 Model Comparison
A1: Experiment 1 — Pill-Counting Model Comparison (ChatGPT vs Claude vs Gemini)
A2: 3 models x 15 images x 3 prompts. Off-by = Model Answer - True Count. Correct? auto-computed. Yellow rows = Prompt 3 (double-check) data.
A4: Image ID | B4: True Count | C4: Variable Tested | D4: Prompt | E4: Model | F4: Model Answer | G4: Off by | H4: Abs Off | I4: Correct?
A5: 1 | B5: 7 | C5: baseline | D5: Naive (P1) | E5: ChatGPT | F5: 7 | G5: =F5-B5 -> 0 | H5: =ABS(G5) -> 0 | I5: =IF(G5=0,"Yes","No") -> Yes
A6: 2 | B6: 3 | C6: count | D6: Naive (P1) | E6: ChatGPT | F6: 3 | G6: =F6-B6 -> 0 | H6: =ABS(G6) -> 0 | I6: =IF(G6=0,"Yes","No") -> Yes
A7: 3 | B7: 5 | C7: count | D7: Naive (P1) | E7: ChatGPT | F7: 5 | G7: =F7-B7 -> 0 | H7: =ABS(G7) -> 0 | I7: =IF(G7=0,"Yes","No") -> Yes
A8: 4 | B8: 10 | C8: count | D8: Naive (P1) | E8: ChatGPT | F8: 10 | G8: =F8-B8 -> 0 | H8: =ABS(G8) -> 0 | I8: =IF(G8=0,"Yes","No") -> Yes
A9: 5 | B9: 15 | C9: count | D9: Naive (P1) | E9: ChatGPT | F9: 12 | G9: =F9-B9 -> -3 | H9: =ABS(G9) -> 3 | I9: =IF(G9=0,"Yes","No") -> No
A10: 6 | B10: 7 | C10: spacing | D10: Naive (P1) | E10: ChatGPT | F10: 8 | G10: =F10-B10 -> 1 | H10: =ABS(G10) -> 1 | I10: =IF(G10=0,"Yes","No") -> No
A11: 7 | B11: 7 | C11: touching | D11: Naive (P1) | E11: ChatGPT | F11: 7 | G11: =F11-B11 -> 0 | H11: =ABS(G11) -> 0 | I11: =IF(G11=0,"Yes","No") -> Yes
A12: 8 | B12: 7 | C12: overlapping | D12: Naive (P1) | E12: ChatGPT | F12: 6 | G12: =F12-B12 -> -1 | H12: =ABS(G12) -> 1 | I12: =IF(G12=0,"Yes","No") -> No
A13: 9 | B13: 7 | C13: background | D13: Naive (P1) | E13: ChatGPT | F13: 8 | G13: =F13-B13 -> 1 | H13: =ABS(G13) -> 1 | I13: =IF(G13=0,"Yes","No") -> No
A14: 10 | B14: 7 | C14: background | D14: Naive (P1) | E14: ChatGPT | F14: 7 | G14: =F14-B14 -> 0 | H14: =ABS(G14) -> 0 | I14: =IF(G14=0,"Yes","No") -> Yes
A15: 11 | B15: 7 | C15: lighting | D15: Naive (P1) | E15: ChatGPT | F15: 7 | G15: =F15-B15 -> 0 | H15: =ABS(G15) -> 0 | I15: =IF(G15=0,"Yes","No") -> Yes
A16: 12 | B16: 7 | C16: shadows | D16: Naive (P1) | E16: ChatGPT | F16: 7 | G16: =F16-B16 -> 0 | H16: =ABS(G16) -> 0 | I16: =IF(G16=0,"Yes","No") -> Yes
... A139: 15 | B139: 7 | C139: normal | D139: Double-check (P3) | E139: Gemini | F139: 7 | G139: =F139-B139 -> 0 | H139: =ABS(G139) -> 0 | I139: =IF(G139=0,"Yes","No") -> Yes

Sheet Exp1 Summary
A1: Experiment 1 — Accuracy by Model and Prompt
A2: Computed from 'Exp1 Model Comparison' (15 images per model/prompt cell).
A4: Accuracy (% correct, n=15)
A5: Model | B5: Naive (P1) | C5: Careful (P2) | D5: Double-check (P3) | E5: Overall
A6: ChatGPT | B6: =COUNTIFS('Exp1 Model Comparison'!$E:$E,$A6,'Exp1 Model Comparison'!$D:$D,"Naive (P1)",'Exp1 Model Comparison'!$I:$I,"Yes")/COUNTIFS('Exp1 Model Comparison'!$E:$E,$A6,'Exp1 Model Comparison'!$D:$D,"Naive (P1)") -> 0.6 | C6: =COUNTIFS('Exp1 Model Comparison'!$E:$E,$A6,'Exp1 Model Comparison'!$D:$D,"Careful (P2)",'Exp1 Model Comparison'!$I:$I,"Yes")/COUNTIFS('Exp1 Model Comparison'!$E:$E,$A6,'Exp1 Model Comparison'!$D:$D,"Careful (P2)") -> 0.53333333 | D6: =COUNTIFS('Exp1 Model Comparison'!$E:$E,$A6,'Exp1 Model Comparison'!$D:$D,"Double-check (P3)",'Exp1 Model Comparison'!$I:$I,"Yes")/COUNTIFS('Exp1 Model Comparison'!$E:$E,$A6,'Exp1 Model Comparison'!$D:$D,"Double-check (P3)") -> 0.73333333 | E6: =COUNTIFS('Exp1 Model Comparison'!$E:$E,$A6,'Exp1 Model Comparison'!$I:$I,"Yes")/COUNTIF('Exp1 Model Comparison'!$E:$E,$A6) -> 0.62222222
A7: Claude | B7: =COUNTIFS('Exp1 Model Comparison'!$E:$E,$A7,'Exp1 Model Comparison'!$D:$D,"Naive (P1)",'Exp1 Model Comparison'!$I:$I,"Yes")/COUNTIFS('Exp1 Model Comparison'!$E:$E,$A7,'Exp1 Model Comparison'!$D:$D,"Naive (P1)") -> 0.73333333 | C7: =COUNTIFS('Exp1 Model Comparison'!$E:$E,$A7,'Exp1 Model Comparison'!$D:$D,"Careful (P2)",'Exp1 Model Comparison'!$I:$I,"Yes")/COUNTIFS('Exp1 Model Comparison'!$E:$E,$A7,'Exp1 Model Comparison'!$D:$D,"Careful (P2)") -> 0.73333333 | D7: =COUNTIFS('Exp1 Model Comparison'!$E:$E,$A7,'Exp1 Model Comparison'!$D:$D,"Double-check (P3)",'Exp1 Model Comparison'!$I:$I,"Yes")/COUNTIFS('Exp1 Model Comparison'!$E:$E,$A7,'Exp1 Model Comparison'!$D:$D,"Double-check (P3)") -> 0.73333333 | E7: =COUNTIFS('Exp1 Model Comparison'!$E:$E,$A7,'Exp1 Model Comparison'!$I:$I,"Yes")/COUNTIF('Exp1 Model Comparison'!$E:$E,$A7) -> 0.73333333
A8: Gemini | B8: =COUNTIFS('Exp1 Model Comparison'!$E:$E,$A8,'Exp1 Model Comparison'!$D:$D,"Naive (P1)",'Exp1 Model Comparison'!$I:$I,"Yes")/COUNTIFS('Exp1 Model Comparison'!$E:$E,$A8,'Exp1 Model Comparison'!$D:$D,"Naive (P1)") -> 0.93333333 | C8: =COUNTIFS('Exp1 Model Comparison'!$E:$E,$A8,'Exp1 Model Comparison'!$D:$D,"Careful (P2)",'Exp1 Model Comparison'!$I:$I,"Yes")/COUNTIFS('Exp1 Model Comparison'!$E:$E,$A8,'Exp1 Model Comparison'!$D:$D,"Careful (P2)") -> 1 | D8: =COUNTIFS('Exp1 Model Comparison'!$E:$E,$A8,'Exp1 Model Comparison'!$D:$D,"Double-check (P3)",'Exp1 Model Comparison'!$I:$I,"Yes")/COUNTIFS('Exp1 Model Comparison'!$E:$E,$A8,'Exp1 Model Comparison'!$D:$D,"Double-check (P3)") -> 0.93333333 | E8: =COUNTIFS('Exp1 Model Comparison'!$E:$E,$A8,'Exp1 Model Comparison'!$I:$I,"Yes")/COUNTIF('Exp1 Model Comparison'!$E:$E,$A8) -> 0.95555556
A11: Mean Absolute Error (pills, n=15)
A12: Model | B12: Naive (P1) | C12: Careful (P2) | D12: Double-check (P3) | E12: Overall
A13: ChatGPT | B13: =AVERAGEIFS('Exp1 Model Comparison'!$H:$H,'Exp1 Model Comparison'!$E:$E,$A13,'Exp1 Model Comparison'!$D:$D,"Naive (P1)") -> 0.53333333 | C13: =AVERAGEIFS('Exp1 Model Comparison'!$H:$H,'Exp1 Model Comparison'!$E:$E,$A13,'Exp1 Model Comparison'!$D:$D,"Careful (P2)") -> 0.46666667 | D13: =AVERAGEIFS('Exp1 Model Comparison'!$H:$H,'Exp1 Model Comparison'!$E:$E,$A13,'Exp1 Model Comparison'!$D:$D,"Double-check (P3)") -> 0.33333333 | E13: =AVERAGEIFS('Exp1 Model Comparison'!$H:$H,'Exp1 Model Comparison'!$E:$E,$A13) -> 0.44444444
A14: Claude | B14: =AVERAGEIFS('Exp1 Model Comparison'!$H:$H,'Exp1 Model Comparison'!$E:$E,$A14,'Exp1 Model Comparison'!$D:$D,"Naive (P1)") -> 0.46666667 | C14: =AVERAGEIFS('Exp1 Model Comparison'!$H:$H,'Exp1 Model Comparison'!$E:$E,$A14,'Exp1 Model Comparison'!$D:$D,"Careful (P2)") -> 0.6 | D14: =AVERAGEIFS('Exp1 Model Comparison'!$H:$H,'Exp1 Model Comparison'!$E:$E,$A14,'Exp1 Model Comparison'!$D:$D,"Double-check (P3)") -> 0.46666667 | E14: =AVERAGEIFS('Exp1 Model Comparison'!$H:$H,'Exp1 Model Comparison'!$E:$E,$A14) -> 0.51111111
A15: Gemini | B15: =AVERAGEIFS('Exp1 Model Comparison'!$H:$H,'Exp1 Model Comparison'!$E:$E,$A15,'Exp1 Model Comparison'!$D:$D,"Naive (P1)") -> 0.066666667 | C15: =AVERAGEIFS('Exp1 Model Comparison'!$H:$H,'Exp1 Model Comparison'!$E:$E,$A15,'Exp1 Model Comparison'!$D:$D,"Careful (P2)") -> 0 | D15: =AVERAGEIFS('Exp1 Model Comparison'!$H:$H,'Exp1 Model Comparison'!$E:$E,$A15,'Exp1 Model Comparison'!$D:$D,"Double-check (P3)") -> 0.066666667 | E15: =AVERAGEIFS('Exp1 Model Comparison'!$H:$H,'Exp1 Model Comparison'!$E:$E,$A15) -> 0.044444444
A18: Key findings
A19: • Gemini is the clear winner — near-perfect across all three prompts; only miss is overlapping pills.
A20: • Claude's failure mode is touching / overlapping pills (undercounts by up to 3-4).
A21: • ChatGPT degrades at high counts (15) and on low color-contrast images.
A22: • Prompting did not reliably fix errors: 'double-check' (P3) restated wrong counts rather than correcting them.
A23: • Background and lighting mattered less than expected.

Sheet Reachy Camera Test
A1: Reachy Pill-Count Comparison Test — May 27, 2026
A2: Same pill setup, four capture/route paths (A-D). Isolates whether errors come from the model, the photo, or the code.
A4: Trial | B4: Setup | C4: Condition | D4: Image Input | E4: Run Path | F4: Ground Truth | G4: Returned | H4: Diff | I4: Abs | J4: Status | K4: Notes
A5: 1 | B5: Easy | C5: A | D5: Phone/Laptop Camera | E5: Gemini App | F5: 5 | G5: 5 | H5: =G5-F5 -> 0 | I5: =ABS(H5) -> 0 | J5: =IF(H5=0,"Match","Mismatch") -> Match
A6: 2 | B6: Easy | C6: B | D6: Phone/Laptop Camera | E6: Reachy Code (test_vlm.py) | F6: 5 | G6: 5 | H6: =G6-F6 -> 0 | I6: =ABS(H6) -> 0 | J6: =IF(H6=0,"Match","Mismatch") -> Match
A7: 3 | B7: Easy | C7: C | D7: Reachy Snapshots (3) | E7: Gemini App | F7: 5 | G7: 5 | H7: =G7-F7 -> 0 | I7: =ABS(H7) -> 0 | J7: =IF(H7=0,"Match","Mismatch") -> Match
A8: 4 | B8: Easy | C8: D | D8: Reachy Camera | E8: Reachy Full Scan | F8: 5 | G8: 5 | H8: =G8-F8 -> 0 | I8: =ABS(H8) -> 0 | J8: =IF(H8=0,"Match","Mismatch") -> Match
A9: 5 | B9: Medium | C9: A | D9: Phone/Laptop Camera | E9: Gemini App | F9: 7 | G9: 7 | H9: =G9-F9 -> 0 | I9: =ABS(H9) -> 0 | J9: =IF(H9=0,"Match","Mismatch") -> Match
A10: 6 | B10: Medium | C10: B | D10: Phone/Laptop Camera | E10: Reachy Code (test_vlm.py) | F10: 7 | G10: 7 | H10: =G10-F10 -> 0 | I10: =ABS(H10) -> 0 | J10: =IF(H10=0,"Match","Mismatch") -> Match
A11: 7 | B11: Medium | C11: C | D11: Reachy Snapshots (3) | E11: Gemini App | F11: 7 | G11: 7 | H11: =G11-F11 -> 0 | I11: =ABS(H11) -> 0 | J11: =IF(H11=0,"Match","Mismatch") -> Match
A12: 8 | B12: Medium | C12: D | D12: Reachy Camera | E12: Reachy Full Scan | F12: 7 | G12: 7 | H12: =G12-F12 -> 0 | I12: =ABS(H12) -> 0 | J12: =IF(H12=0,"Match","Mismatch") -> Match
A13: 9 | B13: Hard | C13: A | D13: Phone/Laptop Camera | E13: Gemini App | F13: 10 | G13: 10 | H13: =G13-F13 -> 0 | I13: =ABS(H13) -> 0 | J13: =IF(H13=0,"Match","Mismatch") -> Match
A14: 10 | B14: Hard | C14: B | D14: Phone/Laptop Camera | E14: Reachy Code (test_vlm.py) | F14: 10 | G14: 10 | H14: =G14-F14 -> 0 | I14: =ABS(H14) -> 0 | J14: =IF(H14=0,"Match","Mismatch") -> Match
A15: 11 | B15: Hard | C15: C | D15: Reachy Snapshots (3) | E15: Gemini App | F15: 10 | G15: 9 | H15: =G15-F15 -> -1 | I15: =ABS(H15) -> 1 | J15: =IF(H15=0,"Match","Mismatch") -> Mismatch | K15: Undercount by 1 in the Reachy snapshot route.
A16: 12 | B16: Hard | C16: D | D16: Reachy Camera | E16: Reachy Full Scan | F16: 10 | G16: 9 | H16: =G16-F16 -> -1 | I16: =ABS(H16) -> 1 | J16: =IF(H16=0,"Match","Mismatch") -> Mismatch | K16: Undercount by 1 in the full-scan route.
A17: 13 | B17: Hard - Closer | C17: A | D17: Phone/Laptop Camera | E17: Gemini App | F17: 10 | G17: 9 | H17: =G17-F17 -> -1 | I17: =ABS(H17) -> 1 | J17: =IF(H17=0,"Match","Mismatch") -> Mismatch
A18: 14 | B18: Hard - Closer | C18: B | D18: Phone/Laptop Camera | E18: Reachy Code (test_vlm.py) | F18: 10 | G18: 9 | H18: =G18-F18 -> -1 | I18: =ABS(H18) -> 1 | J18: =IF(H18=0,"Match","Mismatch") -> Mismatch
A19: 15 | B19: Hard - Closer | C19: C | D19: Reachy Snapshots (3) | E19: Gemini App | F19: 10 | G19: 9 | H19: =G19-F19 -> -1 | I19: =ABS(H19) -> 1 | J19: =IF(H19=0,"Match","Mismatch") -> Mismatch
A20: 16 | B20: Hard - Closer | C20: D | D20: Reachy Camera | E20: Reachy Full Scan | F20: 10 | G20: 8 | H20: =G20-F20 -> -2 | I20: =ABS(H20) -> 2 | J20: =IF(H20=0,"Match","Mismatch") -> Mismatch | K20: Largest miss: full scan returned 8 vs 10.
A21: 17 | B21: Hard - No Overlap | C21: A | D21: Phone/Laptop Camera | E21: Gemini App | F21: 10 | G21: 10 | H21: =G21-F21 -> 0 | I21: =ABS(H21) -> 0 | J21: =IF(H21=0,"Match","Mismatch") -> Match
A22: 18 | B22: Hard - No Overlap | C22: B | D22: Phone/Laptop Camera | E22: Reachy Code (test_vlm.py) | F22: 10 | G22: 10 | H22: =G22-F22 -> 0 | I22: =ABS(H22) -> 0 | J22: =IF(H22=0,"Match","Mismatch") -> Match
A23: 19 | B23: Hard - No Overlap | C23: C | D23: Reachy Snapshots (3) | E23: Gemini App | F23: 10 | G23: 10 | H23: =G23-F23 -> 0 | I23: =ABS(H23) -> 0 | J23: =IF(H23=0,"Match","Mismatch") -> Match
A24: 20 | B24: Hard - No Overlap | C24: D | D24: Reachy Camera | E24: Reachy Full Scan | F24: 10 | G24: 10 | H24: =G24-F24 -> 0 | I24: =ABS(H24) -> 0 | J24: =IF(H24=0,"Match","Mismatch") -> Match
A26: Match accuracy: | C26: =COUNTIF(J5:J24,"Match")&" of "&COUNTA(J5:J24)&" trials" -> 14 of 20 trials
A27: Finding: | C27: Every miss is in a dense / overlapping / closer-packed layout. Separable pills count reliably across all routes.

Sheet Prompt Reference
A1: Prompt Reference
A3: Experiment 1 — three prompts (used with all three models)
A4: Prompt | B4: Full Text | C4: What it tests
A5: Naive (P1) | B5: How many pills are in this image? Answer with just a number. | C5: Control — no guidance at all
A6: Careful (P2) | B6: I need you to count every pill in this image carefully. Go through the image systematically, count each visible pill, then give me the final total. | C6: Whether slowing down (basic chain-of-thought) helps
A7: Double-check (P3) | B7: How many pills are in this image? After you give your answer, double-check by counting again and confirm or correct your number. | C7: Metacognition — can the model catch its own mistakes?
A9: Experiment 2 — ten prompts (Gemini only, prompting study)
A10: Prompt | B10: Full Text | C10: What it tests
A11: P1 Naive baseline | B11: How many pills are in this image? | C11: Control — no guidance
A12: P2 Careful one-by-one | B12: Look at this image carefully. Count each individual pill one by one before giving me the final total number of pills. | C12: Whether slowing down helps
A13: P3 Color-first decomposition | B13: First, identify each distinct pill color you see. Then count how many pills there are of each color. Finally, add those subtotals to give the total pill count. | C13: Structured decomposition by color grouping
A14: P4 Bounding box detection | B14: Detect each pill in this image. For every pill, provide its approximate bounding box location as [top, left, bottom, right] and its color. Return the results as a list, then give the total count based on how many bounding boxes you identified. | C14: Forces commitment to specific pill regions
A15: P5 Self-verification recount | B15: Count all the pills in this image. Then recount them using a different method. If your two counts disagree, explain the discrepancy and give your best final answer. | C15: Metacognition — catch its own errors
A16: P6 Row-by-row structured | B16: Divide this image into a top half and bottom half. Count the pills in the top half first, then count the pills in the bottom half. Add the two numbers for the total count. Show your work. | C16: Spatial partitioning reduces estimation errors
A17: P7 Medication safety persona | B17: You are a medication adherence assistant helping an elderly patient verify their pills before they take them. Count every visible pill, identify each pill's color, and report your confidence (high, medium, or low). If any pills are touching, overlapping, or hard to distinguish, say so explicitly. Getting this wrong could cause a medication error. | C17: Role-prompting + stakes framing + uncertainty
A18: P8 Describe scene first | B18: First, describe everything you see in this image in detail, including the surface, the arrangement of the pills, their colors, and any pills that might be touching or overlapping. After your description, count the total number of pills. | C18: Forces full visual processing before counting
A19: P9 Uncertainty-aware | B19: Count the pills in this image. For your answer, provide: (1) your count, (2) a confidence level (high/medium/low), and (3) explain what made counting difficult, if anything. | C19: Self-assessment of confidence
A20: P10 Numbered mental labeling | B20: Imagine you are placing a small numbered sticker on each pill in this image, starting with 1. For each pill, state its number, its color, and where it is in the image. After labeling all pills, report the highest number as your total count. | C20: Set-of-Mark style — IDs improve counting
